USE Library_Management_System
GO

/*-----------------------------------------------------------
	INSERT COMMANDS
  ---------------------------------------------------------*/

INSERT INTO tbl_library_branch
	(branch_branchname, branch_address)
	VALUES
	('North Branch', '1234 N. Anystreet Portland, OR 97230'),
	('East Branch', '1234 E. Anystreet Portland, OR 97230' ),
	('South Branch', '1234 S. Anystreet Portland, OR 97230' ),
	('West Branch', '1234 W. Anystreet Portland, OR 97230' ),
	('Sharpstown', '1234 NW. Anystreet Sharpstown, OR 97231'),
	('Central', '1234 NW. Anystreet Central, OR 97232')
;


INSERT INTO tbl_book
	(book_title, book_publisherName)
	VALUES
	('The Lost Tribe', 'Picador USA'),
	('The Canal House', 'Picador USA'),
	('The Shining', 'Doubleday'),
	('It', 'Doubleday'),
	('The Stand', 'Doubleday'),
	('Sahara', 'Simon & Schuster'),
	('Valhalla Rising', 'Simon & Schuster'),
	('The Hobbit', 'Mariner Books'),
	('The Fellowship of the Ring', 'Mariner Books'),
	('The Blue Flower', 'Mariner Books'),
	('Twilight', 'Hachette Book Group'),
	('New Moon', 'Hachette Book Group'),
	('Never Go Back', 'Random House'),
	('A Wanted Man', 'Random House'),
	('Interview With The Vampire', 'Penguin Books'),
	('The Queen of The Damned', 'Penguin Books'),
	('Adventures of Huckelberry Finn', 'Dover Publications'),
	('Adventures of Tom Sawyer', 'Dover Publications'),
	('The Christmas Carol', 'Chapman & Hall'),
	('Great Expectations', 'Chapman & Hall')
;


INSERT INTO tbl_publisher 
	(publisher_name, publisher_address, publisher_phone)
	VALUES
	('Picador USA', '175 5th Ave, New York, NY 10010', '800-221-7945'),
	('Doubleday', '1745 Broadway New York, NY 10019', '212-782-9000'),
	('Viking Press', '375 Hudson St New York, NY 10014', '800-733-3000'),
	('Simon & Schuster', '1230 Avenue of the Americas New York, NY 10020 ', '800-223-2336'),
	('Mariner Books','215 Park Avenue South New York NY 10003', '800-225-3362' ),
	('Hachette Book Group', '326 South Enterprise Blvd Lebanon, IN 46052', '570-839-7477'),
	('Random House', '222 Rosewood Drive Danvers, MA 01923', '978-750-8400'),
	('Penguin Books', '20 Vauxhall Bridge Road London, SW1V 2SA', '44-020-840-8400'),
	('Dover Publications', '31 East 2nd Street Mineola, NY 11501-3852', '516-742-6953'),
	('Chapman & Hall', '186 Strand London, England', '44-020-840-8000')
;


INSERT INTO tbl_book_authors
	(authors_bookid, author_name)
	VALUES
	('102', 'Mark Lee'),
	('103', 'Mark Lee'),
	('104', 'Stephen King'),
	('105', 'Stephen King'),
	('106', 'Stephen King'),
	('107', 'Clive Cussler'),
	('108', 'Clive Cussler'),
	('109', 'J.R.R. Tolken'),
	('110', 'J.R.R. Tolken'),
	('111', 'Penelope Fitzgerald'),
	('112', 'Stephanie Meyer'),
	('113', 'Stephanie Meyer'),
	('114', 'Lee Child'),
	('115', 'Lee Child'),
	('116', 'Anne Rice'),
	('117', 'Anne Rice'),
	('118', 'Mark Twain'),
	('119', 'Mark Twain'),
	('120', 'Charles Dickens'),
	('121', 'Charles Dickens')
;


INSERT INTO tbl_book_copies
	(copies_bookid, copies_branchid, copies_no_of_copies)
	VALUES
	('102', '1000', '3'),
	('103', '1000', '3'),
	('104', '1000', '3'),
	('105', '1000', '3'),
	('106', '1000', '3'),
	('107', '1000', '3'),
	('108', '1000', '3'),
	('109', '1000', '3'),
	('110', '1000', '3'),
	('111', '1000', '3'),
	('112', '1000', '3'),
	('113', '1000', '3'),
	('114', '1000', '3'),
	('115', '1000', '3'),
	('116', '1000', '3'),
	('117', '1000', '3'),
	('118', '1000', '3'),
	('119', '1000', '3'),
	('120', '1000', '3'),
	('121', '1000', '3'),
	('102', '1001', '3'),
	('103', '1001', '3'),
	('104', '1001', '3'),
	('105', '1001', '3'),
	('106', '1001', '3'),
	('107', '1001', '3'),
	('108', '1001', '3'),
	('109', '1001', '3'),
	('110', '1001', '3'),
	('111', '1001', '3'),
	('112', '1001', '3'),
	('113', '1001', '3'),
	('114', '1001', '3'),
	('115', '1001', '3'),
	('116', '1001', '3'),
	('117', '1001', '3'),
	('118', '1001', '3'),
	('119', '1001', '3'),
	('120', '1001', '3'),
	('121', '1001', '3'),
	('102', '1002', '3'),
	('103', '1002', '3'),
	('104', '1002', '3'),
	('105', '1002', '3'),
	('106', '1002', '3'),
	('107', '1002', '3'),
	('108', '1002', '3'),
	('109', '1002', '3'),
	('110', '1002', '3'),
	('111', '1002', '3'),
	('112', '1002', '3'),
	('113', '1002', '3'),
	('114', '1002', '3'),
	('115', '1002', '3'),
	('116', '1002', '3'),
	('117', '1002', '3'),
	('118', '1002', '3'),
	('119', '1002', '3'),
	('120', '1002', '3'),
	('121', '1002', '3'),
	('102', '1003', '3'),
	('103', '1003', '3'),
	('104', '1003', '3'),
	('105', '1003', '3'),
	('106', '1003', '3'),
	('107', '1003', '3'),
	('108', '1003', '3'),
	('109', '1003', '3'),
	('110', '1003', '3'),
	('111', '1003', '3'),
	('112', '1003', '3'),
	('113', '1003', '3'),
	('114', '1003', '3'),
	('115', '1003', '3'),
	('116', '1003', '3'),
	('117', '1003', '3'),
	('118', '1003', '3'),
	('119', '1003', '3'),
	('120', '1003', '3'),
	('121', '1003', '3'),
	('102', '1004', '3'),
	('103', '1004', '3'),
	('104', '1004', '3'),
	('105', '1004', '3'),
	('106', '1004', '3'),
	('107', '1004', '3'),
	('108', '1004', '3'),
	('109', '1004', '3'),
	('110', '1004', '3'),
	('111', '1004', '3'),
	('112', '1004', '3'),
	('113', '1004', '3'),
	('114', '1004', '3'),
	('115', '1004', '3'),
	('116', '1004', '3'),
	('117', '1004', '3'),
	('118', '1004', '3'),
	('119', '1004', '3'),
	('120', '1004', '3'),
	('121', '1004', '3'),
	('102', '1005', '3'),
	('103', '1005', '3'),
	('104', '1005', '3'),
	('105', '1005', '3'),
	('106', '1005', '3'),
	('107', '1005', '3'),
	('108', '1005', '3'),
	('109', '1005', '3'),
	('110', '1005', '3'),
	('111', '1005', '3'),
	('112', '1005', '3'),
	('113', '1005', '3'),
	('114', '1005', '3'),
	('115', '1005', '3'),
	('116', '1005', '3'),
	('117', '1005', '3'),
	('118', '1005', '3'),
	('119', '1005', '3'),
	('120', '1005', '3'),
	('121', '1005', '3')
;

INSERT INTO tbl_borrower
	(borrower_name, borrower_address, borrower_phone)
	VALUES
	('Super Man', '1122 Planet Krypton Rd Portland, OR 97211', '503-555-1200'),
	('Wonder Woman', '909 Invisible Jet Ln Vancouver, WA 98684', '360-555-1000'),
	('Dan Gorton', '1234 S. Any ST Vancouver, WA 98684', '360-555-1212'),
	('John Doe', '4321 1st Street Vancouver, WA 98682', '360-555-2121'),
	('Jane Doe', '999 2nd St Portland, OR 97230', '503-555-1234'),
	('Bob Nugent', '1111 N Happy ST Portland, OR 97266', '503-555-2345'),
	('Mary Jane', '321 W Uptown Portland, OR 97206', '503-555-9876'),
	('Donald Trump', '1600 Pennsylvania Ave NW, Washington, DC 20500', '202-456-1111'),
	('Jirab Favaco', '1919 Moonraker St Portland, OR 97230', '503-555-5632'),
	('Last One', '101 N Portland AVE Salem, OR 97058', '503-555-1357')
;

INSERT INTO tbl_book_loans
	(book_loans_bookid, book_loans_branchid, book_loans_cardno, book_loans_dateout, book_loans_duedate)
	VALUES
	('107', '1004', '10000', '2017-10-28', '2017-11-28'),
	('116', '1004', '10000', '2017-10-28', '2017-11-28'),
	('117', '1004', '10000', '2017-11-10', '2017-12-10'),
	('108', '1004', '10000', '2017-11-10', '2017-12-10'),
	('104', '1004', '10000', '2017-11-10', '2017-12-10'),
	('105', '1004', '10000', '2017-11-10', '2017-12-10'),
	('121', '1004', '10001', '2017-10-28', '2017-11-28'),
	('120', '1004', '10001', '2017-10-28', '2017-11-28'),
	('119', '1004', '10001', '2017-11-20', '2017-12-20'),
	('110', '1004', '10001', '2017-11-20', '2017-12-20'),
	('112', '1004', '10001', '2017-11-20', '2017-12-20'),
	('102', '1004', '10001', '2017-11-20', '2017-12-20'),
	('102', '1001', '10002', '2017-11-20', '2017-12-20'),
	('103', '1001', '10002', '2017-11-20', '2017-12-20'),
	('103', '1001', '10002', '2017-11-20', '2017-12-20'),
	('104', '1001', '10002', '2017-11-20', '2017-12-20'),
	('105', '1001', '10002', '2017-11-20', '2017-12-20'),
	('106', '1000', '10002', '2017-11-20', '2017-12-20'),
	('107', '1000', '10002', '2017-11-20', '2017-12-20'),
	('108', '1003', '10003', '2017-11-20', '2017-12-20'),
	('109', '1003', '10003', '2017-11-20', '2017-12-20'),
	('110', '1003', '10003', '2017-11-20', '2017-12-20'),
	('111', '1004', '10003', '2017-10-28', '2017-11-28'),
	('112', '1004', '10003', '2017-11-20', '2017-12-20'),
	('113', '1002', '10003', '2017-11-20', '2017-12-20'),
	('114', '1005', '10003', '2017-11-20', '2017-12-20'),
	('115', '1004', '10004', '2017-11-20', '2017-12-20'),
	('116', '1003', '10004', '2017-11-20', '2017-12-20'),
	('117', '1002', '10004', '2017-11-20', '2017-12-20'),
	('118', '1001', '10004', '2017-11-20', '2017-12-20'),
	('119', '1000', '10004', '2017-11-20', '2017-12-20'),
	('120', '1005', '10004', '2017-11-20', '2017-12-20'),
	('121', '1005', '10004', '2017-11-20', '2017-12-20'),
	('102', '1005', '10005', '2017-11-20', '2017-12-20'),
	('103', '1004', '10005', '2017-11-20', '2017-12-20'),
	('104', '1003', '10005', '2017-11-20', '2017-12-20'),
	('105', '1003', '10005', '2017-11-20', '2017-12-20'),
	('106', '1003', '10005', '2017-11-20', '2017-12-20'),
	('107', '1003', '10005', '2017-11-20', '2017-12-20'),
	('108', '1002', '10005', '2017-11-20', '2017-12-20'),
	('109', '1000', '10006', '2017-11-20', '2017-12-20'),
	('110', '1000', '10006', '2017-11-20', '2017-12-20'),
	('111', '1000', '10006', '2017-11-20', '2017-12-20'),
	('112', '1000', '10006', '2017-11-20', '2017-12-20'),
	('113', '1001', '10006', '2017-11-20', '2017-12-20'),
	('114', '1005', '10006', '2017-11-20', '2017-12-20'),
	('115', '1005', '10006', '2017-11-20', '2017-12-20'),
	('116', '1004', '10007', '2017-11-20', '2017-12-20'),
	('117', '1004', '10007', '2017-11-20', '2017-12-20'),
	('118', '1004', '10007', '2017-11-20', '2017-12-20'),
	('119', '1004', '10007', '2017-11-20', '2017-12-20')
;